{
  "format_version": "1.20.10",
  "minecraft:item": {
    "description": {
      "identifier": "lumstudio:oil_bucket",
      "category": "Items"
    },
    "components": {
      "minecraft:max_stack_size": 1,
      "minecraft:icon": {
        "texture": "lumstudio_oil_bucket"
      },
      "minecraft:display_name": {
        "value": "Bucket of Oil"
      },
      "minecraft:creative_category": {
        "parent": "itemGroup.name.bucket"
      },
      "minecraft:hand_equipped": true,
      "minecraft:block_placer": {
        "block": {
          "name": "lumstudio:oil",
          "states": {
            "lumstudio:depth": 7,
            "lumstudio:slope": "none",
            "lumstudio:fluid_state": "full",
            "lumstudio:fluidMode": "dormant"
          }
        }
      }
    }
  }
}