{
  "format_version": "1.21.10",
  "minecraft:block": {
    "description": {
      "identifier": "lumstudio:oil",
      "properties": {
        "lumstudio:depth": [
          0,
          1,
          2,
          3,
          4,
          5,
          6,
          7
        ],
        "lumstudio:slope": [
          "none",
          "n",
          "e",
          "s",
          "w",
          "ne",
          "nw",
          "se",
          "sw"
        ],
        "lumstudio:fluid_state": [
          "full",
          "flowing_0",
          "flowing_1",
          "flowing_2",
          "flowing_3",
          "flowing_4",
          "flowing_5",
          "empty"
        ],
        "lumstudio:fluidMode": [
          "dormant",
          "active"
        ]
      }
    },
    "components": {
      "minecraft:tags": {
        "tags": [
          "fluid",
          "lumstudio_oil"
        ]
      },
      "minecraft:material_instances": {
        "*": {
          "texture": "lumstudio_oil",
          "render_method": "blend",
          "face_dimming": false,
          "ambient_occlusion": false,
          "fog_color": "#37ed55"
        }
      },
      "minecraft:geometry": "geometry.lumstudio.fluid.8_none",
      "minecraft:placement_filter": {
        "conditions": [
          {
            "allowed_faces": [
              "up",
              "down",
              "north",
              "south",
              "east",
              "west"
            ]
          }
        ]
      },
      "minecraft:loot": "loot_tables/empty.json",
      "minecraft:destructible_by_mining": {
        "seconds_to_destroy": 100
      },
      "minecraft:destructible_by_explosion": {
        "explosion_resistance": 500
      },
      "minecraft:boat_passable": {},
      "minecraft:light_emission": 8
    },
    "permutations": [
      {
        "condition": "q.block_state('lumstudio:depth') == 0 && q.block_state('lumstudio:slope') == 'none'",
        "components": {
          "minecraft:geometry": "geometry.lumstudio.fluid.1_none"
        }
      },
      {
        "condition": "q.block_state('lumstudio:depth') == 0 && q.block_state('lumstudio:slope') == 'n'",
        "components": {
          "minecraft:geometry": "geometry.lumstudio.fluid.1_n"
        }
      },
      {
        "condition": "q.block_state('lumstudio:depth') == 0 && q.block_state('lumstudio:slope') == 'e'",
        "components": {
          "minecraft:geometry": "geometry.lumstudio.fluid.1_e"
        }
      },
      {
        "condition": "q.block_state('lumstudio:depth') == 0 && q.block_state('lumstudio:slope') == 's'",
        "components": {
          "minecraft:geometry": "geometry.lumstudio.fluid.1_s"
        }
      },
      {
        "condition": "q.block_state('lumstudio:depth') == 0 && q.block_state('lumstudio:slope') == 'w'",
        "components": {
          "minecraft:geometry": "geometry.lumstudio.fluid.1_w"
        }
      },
      {
        "condition": "q.block_state('lumstudio:depth') == 0 && q.block_state('lumstudio:slope') == 'ne'",
        "components": {
          "minecraft:geometry": "geometry.lumstudio.fluid.1_ne"
        }
      },
      {
        "condition": "q.block_state('lumstudio:depth') == 0 && q.block_state('lumstudio:slope') == 'nw'",
        "components": {
          "minecraft:geometry": "geometry.lumstudio.fluid.1_nw"
        }
      },
      {
        "condition": "q.block_state('lumstudio:depth') == 0 && q.block_state('lumstudio:slope') == 'se'",
        "components": {
          "minecraft:geometry": "geometry.lumstudio.fluid.1_se"
        }
      },
      {
        "condition": "q.block_state('lumstudio:depth') == 0 && q.block_state('lumstudio:slope') == 'sw'",
        "components": {
          "minecraft:geometry": "geometry.lumstudio.fluid.1_sw"
        }
      },
      {
        "condition": "q.block_state('lumstudio:depth') == 1 && q.block_state('lumstudio:slope') == 'none'",
        "components": {
          "minecraft:geometry": "geometry.lumstudio.fluid.2_none"
        }
      },
      {
        "condition": "q.block_state('lumstudio:depth') == 1 && q.block_state('lumstudio:slope') == 'n'",
        "components": {
          "minecraft:geometry": "geometry.lumstudio.fluid.2_n"
        }
      },
      {
        "condition": "q.block_state('lumstudio:depth') == 1 && q.block_state('lumstudio:slope') == 'e'",
        "components": {
          "minecraft:geometry": "geometry.lumstudio.fluid.2_e"
        }
      },
      {
        "condition": "q.block_state('lumstudio:depth') == 1 && q.block_state('lumstudio:slope') == 's'",
        "components": {
          "minecraft:geometry": "geometry.lumstudio.fluid.2_s"
        }
      },
      {
        "condition": "q.block_state('lumstudio:depth') == 1 && q.block_state('lumstudio:slope') == 'w'",
        "components": {
          "minecraft:geometry": "geometry.lumstudio.fluid.2_w"
        }
      },
      {
        "condition": "q.block_state('lumstudio:depth') == 1 && q.block_state('lumstudio:slope') == 'ne'",
        "components": {
          "minecraft:geometry": "geometry.lumstudio.fluid.2_ne"
        }
      },
      {
        "condition": "q.block_state('lumstudio:depth') == 1 && q.block_state('lumstudio:slope') == 'nw'",
        "components": {
          "minecraft:geometry": "geometry.lumstudio.fluid.2_nw"
        }
      },
      {
        "condition": "q.block_state('lumstudio:depth') == 1 && q.block_state('lumstudio:slope') == 'se'",
        "components": {
          "minecraft:geometry": "geometry.lumstudio.fluid.2_se"
        }
      },
      {
        "condition": "q.block_state('lumstudio:depth') == 1 && q.block_state('lumstudio:slope') == 'sw'",
        "components": {
          "minecraft:geometry": "geometry.lumstudio.fluid.2_sw"
        }
      },
      {
        "condition": "q.block_state('lumstudio:depth') == 2 && q.block_state('lumstudio:slope') == 'none'",
        "components": {
          "minecraft:geometry": "geometry.lumstudio.fluid.3_none"
        }
      },
      {
        "condition": "q.block_state('lumstudio:depth') == 2 && q.block_state('lumstudio:slope') == 'n'",
        "components": {
          "minecraft:geometry": "geometry.lumstudio.fluid.3_n"
        }
      },
      {
        "condition": "q.block_state('lumstudio:depth') == 2 && q.block_state('lumstudio:slope') == 'e'",
        "components": {
          "minecraft:geometry": "geometry.lumstudio.fluid.3_e"
        }
      },
      {
        "condition": "q.block_state('lumstudio:depth') == 2 && q.block_state('lumstudio:slope') == 's'",
        "components": {
          "minecraft:geometry": "geometry.lumstudio.fluid.3_s"
        }
      },
      {
        "condition": "q.block_state('lumstudio:depth') == 2 && q.block_state('lumstudio:slope') == 'w'",
        "components": {
          "minecraft:geometry": "geometry.lumstudio.fluid.3_w"
        }
      },
      {
        "condition": "q.block_state('lumstudio:depth') == 2 && q.block_state('lumstudio:slope') == 'ne'",
        "components": {
          "minecraft:geometry": "geometry.lumstudio.fluid.3_ne"
        }
      },
      {
        "condition": "q.block_state('lumstudio:depth') == 2 && q.block_state('lumstudio:slope') == 'nw'",
        "components": {
          "minecraft:geometry": "geometry.lumstudio.fluid.3_nw"
        }
      },
      {
        "condition": "q.block_state('lumstudio:depth') == 2 && q.block_state('lumstudio:slope') == 'se'",
        "components": {
          "minecraft:geometry": "geometry.lumstudio.fluid.3_se"
        }
      },
      {
        "condition": "q.block_state('lumstudio:depth') == 2 && q.block_state('lumstudio:slope') == 'sw'",
        "components": {
          "minecraft:geometry": "geometry.lumstudio.fluid.3_sw"
        }
      },
      {
        "condition": "q.block_state('lumstudio:depth') == 3 && q.block_state('lumstudio:slope') == 'none'",
        "components": {
          "minecraft:geometry": "geometry.lumstudio.fluid.4_none"
        }
      },
      {
        "condition": "q.block_state('lumstudio:depth') == 3 && q.block_state('lumstudio:slope') == 'n'",
        "components": {
          "minecraft:geometry": "geometry.lumstudio.fluid.4_n"
        }
      },
      {
        "condition": "q.block_state('lumstudio:depth') == 3 && q.block_state('lumstudio:slope') == 'e'",
        "components": {
          "minecraft:geometry": "geometry.lumstudio.fluid.4_e"
        }
      },
      {
        "condition": "q.block_state('lumstudio:depth') == 3 && q.block_state('lumstudio:slope') == 's'",
        "components": {
          "minecraft:geometry": "geometry.lumstudio.fluid.4_s"
        }
      },
      {
        "condition": "q.block_state('lumstudio:depth') == 3 && q.block_state('lumstudio:slope') == 'w'",
        "components": {
          "minecraft:geometry": "geometry.lumstudio.fluid.4_w"
        }
      },
      {
        "condition": "q.block_state('lumstudio:depth') == 3 && q.block_state('lumstudio:slope') == 'ne'",
        "components": {
          "minecraft:geometry": "geometry.lumstudio.fluid.4_ne"
        }
      },
      {
        "condition": "q.block_state('lumstudio:depth') == 3 && q.block_state('lumstudio:slope') == 'nw'",
        "components": {
          "minecraft:geometry": "geometry.lumstudio.fluid.4_nw"
        }
      },
      {
        "condition": "q.block_state('lumstudio:depth') == 3 && q.block_state('lumstudio:slope') == 'se'",
        "components": {
          "minecraft:geometry": "geometry.lumstudio.fluid.4_se"
        }
      },
      {
        "condition": "q.block_state('lumstudio:depth') == 3 && q.block_state('lumstudio:slope') == 'sw'",
        "components": {
          "minecraft:geometry": "geometry.lumstudio.fluid.4_sw"
        }
      },
      {
        "condition": "q.block_state('lumstudio:depth') == 4 && q.block_state('lumstudio:slope') == 'none'",
        "components": {
          "minecraft:geometry": "geometry.lumstudio.fluid.5_none"
        }
      },
      {
        "condition": "q.block_state('lumstudio:depth') == 4 && q.block_state('lumstudio:slope') == 'n'",
        "components": {
          "minecraft:geometry": "geometry.lumstudio.fluid.5_n"
        }
      },
      {
        "condition": "q.block_state('lumstudio:depth') == 4 && q.block_state('lumstudio:slope') == 'e'",
        "components": {
          "minecraft:geometry": "geometry.lumstudio.fluid.5_e"
        }
      },
      {
        "condition": "q.block_state('lumstudio:depth') == 4 && q.block_state('lumstudio:slope') == 's'",
        "components": {
          "minecraft:geometry": "geometry.lumstudio.fluid.5_s"
        }
      },
      {
        "condition": "q.block_state('lumstudio:depth') == 4 && q.block_state('lumstudio:slope') == 'w'",
        "components": {
          "minecraft:geometry": "geometry.lumstudio.fluid.5_w"
        }
      },
      {
        "condition": "q.block_state('lumstudio:depth') == 4 && q.block_state('lumstudio:slope') == 'ne'",
        "components": {
          "minecraft:geometry": "geometry.lumstudio.fluid.5_ne"
        }
      },
      {
        "condition": "q.block_state('lumstudio:depth') == 4 && q.block_state('lumstudio:slope') == 'nw'",
        "components": {
          "minecraft:geometry": "geometry.lumstudio.fluid.5_nw"
        }
      },
      {
        "condition": "q.block_state('lumstudio:depth') == 4 && q.block_state('lumstudio:slope') == 'se'",
        "components": {
          "minecraft:geometry": "geometry.lumstudio.fluid.5_se"
        }
      },
      {
        "condition": "q.block_state('lumstudio:depth') == 4 && q.block_state('lumstudio:slope') == 'sw'",
        "components": {
          "minecraft:geometry": "geometry.lumstudio.fluid.5_sw"
        }
      },
      {
        "condition": "q.block_state('lumstudio:depth') == 5 && q.block_state('lumstudio:slope') == 'none'",
        "components": {
          "minecraft:geometry": "geometry.lumstudio.fluid.6_none"
        }
      },
      {
        "condition": "q.block_state('lumstudio:depth') == 5 && q.block_state('lumstudio:slope') == 'n'",
        "components": {
          "minecraft:geometry": "geometry.lumstudio.fluid.6_n"
        }
      },
      {
        "condition": "q.block_state('lumstudio:depth') == 5 && q.block_state('lumstudio:slope') == 'e'",
        "components": {
          "minecraft:geometry": "geometry.lumstudio.fluid.6_e"
        }
      },
      {
        "condition": "q.block_state('lumstudio:depth') == 5 && q.block_state('lumstudio:slope') == 's'",
        "components": {
          "minecraft:geometry": "geometry.lumstudio.fluid.6_s"
        }
      },
      {
        "condition": "q.block_state('lumstudio:depth') == 5 && q.block_state('lumstudio:slope') == 'w'",
        "components": {
          "minecraft:geometry": "geometry.lumstudio.fluid.6_w"
        }
      },
      {
        "condition": "q.block_state('lumstudio:depth') == 5 && q.block_state('lumstudio:slope') == 'ne'",
        "components": {
          "minecraft:geometry": "geometry.lumstudio.fluid.6_ne"
        }
      },
      {
        "condition": "q.block_state('lumstudio:depth') == 5 && q.block_state('lumstudio:slope') == 'nw'",
        "components": {
          "minecraft:geometry": "geometry.lumstudio.fluid.6_nw"
        }
      },
      {
        "condition": "q.block_state('lumstudio:depth') == 5 && q.block_state('lumstudio:slope') == 'se'",
        "components": {
          "minecraft:geometry": "geometry.lumstudio.fluid.6_se"
        }
      },
      {
        "condition": "q.block_state('lumstudio:depth') == 5 && q.block_state('lumstudio:slope') == 'sw'",
        "components": {
          "minecraft:geometry": "geometry.lumstudio.fluid.6_sw"
        }
      },
      {
        "condition": "q.block_state('lumstudio:depth') == 6 && q.block_state('lumstudio:slope') == 'none'",
        "components": {
          "minecraft:geometry": "geometry.lumstudio.fluid.7_none"
        }
      },
      {
        "condition": "q.block_state('lumstudio:depth') == 6 && q.block_state('lumstudio:slope') == 'n'",
        "components": {
          "minecraft:geometry": "geometry.lumstudio.fluid.7_n"
        }
      },
      {
        "condition": "q.block_state('lumstudio:depth') == 6 && q.block_state('lumstudio:slope') == 'e'",
        "components": {
          "minecraft:geometry": "geometry.lumstudio.fluid.7_e"
        }
      },
      {
        "condition": "q.block_state('lumstudio:depth') == 6 && q.block_state('lumstudio:slope') == 's'",
        "components": {
          "minecraft:geometry": "geometry.lumstudio.fluid.7_s"
        }
      },
      {
        "condition": "q.block_state('lumstudio:depth') == 6 && q.block_state('lumstudio:slope') == 'w'",
        "components": {
          "minecraft:geometry": "geometry.lumstudio.fluid.7_w"
        }
      },
      {
        "condition": "q.block_state('lumstudio:depth') == 6 && q.block_state('lumstudio:slope') == 'ne'",
        "components": {
          "minecraft:geometry": "geometry.lumstudio.fluid.7_ne"
        }
      },
      {
        "condition": "q.block_state('lumstudio:depth') == 6 && q.block_state('lumstudio:slope') == 'nw'",
        "components": {
          "minecraft:geometry": "geometry.lumstudio.fluid.7_nw"
        }
      },
      {
        "condition": "q.block_state('lumstudio:depth') == 6 && q.block_state('lumstudio:slope') == 'se'",
        "components": {
          "minecraft:geometry": "geometry.lumstudio.fluid.7_se"
        }
      },
      {
        "condition": "q.block_state('lumstudio:depth') == 6 && q.block_state('lumstudio:slope') == 'sw'",
        "components": {
          "minecraft:geometry": "geometry.lumstudio.fluid.7_sw"
        }
      },
      {
        "condition": "q.block_state('lumstudio:depth') == 7 && q.block_state('lumstudio:slope') == 'none'",
        "components": {
          "minecraft:geometry": "geometry.lumstudio.fluid.8_none"
        }
      },
      {
        "condition": "q.block_state('lumstudio:depth') == 7 && q.block_state('lumstudio:slope') == 'n'",
        "components": {
          "minecraft:geometry": "geometry.lumstudio.fluid.8_n"
        }
      },
      {
        "condition": "q.block_state('lumstudio:depth') == 7 && q.block_state('lumstudio:slope') == 'e'",
        "components": {
          "minecraft:geometry": "geometry.lumstudio.fluid.8_e"
        }
      },
      {
        "condition": "q.block_state('lumstudio:depth') == 7 && q.block_state('lumstudio:slope') == 's'",
        "components": {
          "minecraft:geometry": "geometry.lumstudio.fluid.8_s"
        }
      },
      {
        "condition": "q.block_state('lumstudio:depth') == 7 && q.block_state('lumstudio:slope') == 'w'",
        "components": {
          "minecraft:geometry": "geometry.lumstudio.fluid.8_w"
        }
      },
      {
        "condition": "q.block_state('lumstudio:depth') == 7 && q.block_state('lumstudio:slope') == 'ne'",
        "components": {
          "minecraft:geometry": "geometry.lumstudio.fluid.8_ne"
        }
      },
      {
        "condition": "q.block_state('lumstudio:depth') == 7 && q.block_state('lumstudio:slope') == 'nw'",
        "components": {
          "minecraft:geometry": "geometry.lumstudio.fluid.8_nw"
        }
      },
      {
        "condition": "q.block_state('lumstudio:depth') == 7 && q.block_state('lumstudio:slope') == 'se'",
        "components": {
          "minecraft:geometry": "geometry.lumstudio.fluid.8_se"
        }
      },
      {
        "condition": "q.block_state('lumstudio:depth') == 7 && q.block_state('lumstudio:slope') == 'sw'",
        "components": {
          "minecraft:geometry": "geometry.lumstudio.fluid.8_sw"
        }
      }
    ]
  }
}